{
    "00:00:00.000": {
        "00:00:00.000": [
            0.0,
            15.472743764172336,
            19.944784580498865,
            22.399818594104307,
            25.30387755102041,
            26.30467120181406,
            52.93609977324263
        ]
    },
    "00:00:56.233": {
        "00:00:56.233": [
            56.233,
            57.5596439909297,
            59.20880498866213
        ]
    },
    "00:01:00.633": {
        "00:01:00.633": [
            60.633,
            61.74179818594104
        ],
        "00:01:03.100": [
            63.1,
            64.25376417233561,
            66.2718820861678,
            69.41120181405896
        ]
    },
    "00:01:11.400": {
        "00:01:11.400": [
            71.4,
            73.3112925170068,
            82.32383219954649,
            87.84027210884355
        ]
    },
    "00:01:30.700": {
        "00:01:30.700": [
            90.7,
            92.98403628117914
        ],
        "00:01:34.567": [
            94.567
        ]
    },
    "00:01:42.633": {
        "00:01:42.633": [
            102.633
        ]
    },
    "00:02:03.700": {
        "00:02:03.700": [
            123.7
        ]
    },
    "00:02:11.933": {
        "00:02:11.933": [
            131.933,
            136.54866893424037,
            140.59680952380953
        ],
        "00:02:24.267": [
            144.267
        ],
        "00:02:26.067": [
            146.067
        ],
        "00:02:27.867": [
            147.867
        ]
    },
    "00:02:29.100": {
        "00:02:29.100": [
            149.1
        ],
        "00:02:31.733": [
            151.733
        ],
        "00:02:33.533": [
            153.533
        ],
        "00:02:37.033": [
            157.033
        ],
        "00:02:39.133": [
            159.133
        ]
    },
    "00:02:42.133": {
        "00:02:42.133": [
            162.133,
            163.5307097505669
        ],
        "00:02:45.267": [
            165.267
        ]
    },
    "00:02:46.933": {
        "00:02:46.933": [
            166.933,
            168.1025918367347
        ]
    },
    "00:02:49.400": {
        "00:02:49.400": [
            169.4
        ],
        "00:02:51.467": [
            171.467
        ],
        "00:02:53.767": [
            173.767,
            174.8236893424036,
            176.11289569160996
        ]
    },
    "00:02:57.433": {
        "00:02:57.433": [
            177.433
        ],
        "00:03:04.567": [
            184.567,
            187.376410430839
        ]
    }
}