{
    "00:00:00.000": {
        "00:00:00.000": [
            0.0,
            14.256394557823128,
            15.401972789115646,
            17.77392290249433,
            20.260997732426304,
            21.783242630385487,
            24.66780045351474,
            31.200226757369613
        ],
        "00:00:36.000": [
            36.0
        ],
        "00:00:37.700": [
            37.7,
            91.47480725623583,
            98.6436507936508
        ],
        "00:01:48.133": [
            108.133
        ],
        "00:01:50.067": [
            110.067
        ]
    },
    "00:01:58.200": {
        "00:01:58.200": [
            118.2,
            131.9855328798186,
            134.27607709750566,
            136.5936961451247
        ],
        "00:02:24.867": [
            144.867
        ],
        "00:02:41.467": [
            161.467,
            162.75112698412698,
            163.82938095238097,
            171.15396145124717,
            183.339947845805
        ],
        "00:03:06.600": [
            186.6
        ]
    },
    "00:03:24.667": {
        "00:03:24.667": [
            204.667,
            206.7152993197279
        ],
        "00:03:30.067": [
            210.067
        ]
    },
    "00:03:48.533": {
        "00:03:48.533": [
            228.533
        ],
        "00:03:54.900": [
            234.9
        ]
    },
    "00:04:13.033": {
        "00:04:13.033": [
            253.033,
            254.4427052154195
        ]
    },
    "00:04:15.633": {
        "00:04:15.633": [
            255.633
        ],
        "00:04:21.167": [
            261.167
        ],
        "00:04:27.233": [
            267.233
        ]
    },
    "00:04:29.333": {
        "00:04:29.333": [
            269.333
        ],
        "00:04:35.633": [
            275.633
        ]
    }
}