{
    "00:00:00.000": {
        "00:00:00.000": [
            0.0
        ]
    },
    "00:00:06.100": {
        "00:00:06.100": [
            6.1,
            11.68861678004535
        ],
        "00:00:14.867": [
            14.867
        ],
        "00:00:20.667": [
            20.667
        ],
        "00:00:26.600": [
            26.6
        ]
    },
    "00:00:31.033": {
        "00:00:31.033": [
            31.033
        ],
        "00:00:36.667": [
            36.667
        ],
        "00:00:41.200": [
            41.2
        ]
    },
    "00:00:49.933": {
        "00:00:49.933": [
            49.933,
            51.44159410430839
        ]
    },
    "00:00:52.867": {
        "00:00:52.867": [
            52.867,
            57.31049206349206
        ]
    },
    "00:00:58.900": {
        "00:00:58.900": [
            58.9,
            60.268956916099775,
            63.201088435374146
        ]
    },
    "00:01:04.767": {
        "00:01:04.767": [
            64.767
        ],
        "00:01:07.533": [
            67.533
        ],
        "00:01:10.500": [
            70.5
        ]
    },
    "00:01:13.600": {
        "00:01:13.600": [
            73.6
        ]
    },
    "00:01:16.567": {
        "00:01:16.567": [
            76.567
        ],
        "00:01:19.533": [
            79.533
        ],
        "00:01:22.433": [
            82.433
        ],
        "00:01:28.333": [
            88.333
        ]
    },
    "00:01:34.200": {
        "00:01:34.200": [
            94.2
        ]
    },
    "00:01:40.000": {
        "00:01:40.000": [
            100.0
        ]
    },
    "00:01:45.833": {
        "00:01:45.833": [
            105.833
        ]
    },
    "00:01:53.667": {
        "00:01:53.667": [
            113.667
        ]
    },
    "00:02:02.733": {
        "00:02:02.733": [
            122.733,
            123.73449659863945,
            124.73717233560092,
            125.73984807256237,
            126.74252380952382,
            127.74519954648527,
            128.74787528344672,
            129.75057369614512,
            130.75322675736962,
            131.75592517006802,
            132.75857823129252,
            133.76125396825398
        ]
    },
    "00:02:15.300": {
        "00:02:15.300": [
            135.3,
            139.43263038548753,
            141.2734693877551
        ]
    },
    "00:02:22.867": {
        "00:02:22.867": [
            142.867,
            153.72044671201814,
            161.2272267573696
        ],
        "00:02:45.067": [
            165.067,
            166.0672267573696
        ],
        "00:02:53.900": [
            173.9,
            183.33562358276646,
            184.72371882086168,
            185.98927437641723
        ]
    },
    "00:03:08.300": {}
}